taxon,order
Machilidae,Archaeognatha
Meinertellidae,Archaeognatha
Lepidotrichidae,Zygentoma
Nicoletiidae,Zygentoma
Lepismatidae,Zygentoma
Isostictidae,Odonata
Gomphidae-1,Odonata
Prosopistomatidae,Ephemeroptera
Potamanthidae,Ephemeroptera
Metropodidae,Ephemeroptera
Zorotypidae,Zoraptera
Notonemouridae,Plecoptera
Xyelidae,Hymenoptera
Philopteridae-1,Phthiraptera
Gomphidae-2,Odonata
Nemouridae,Plecoptera
Neolinognathidae,Phthiraptera
Synlestidae-2,Odonata
Petaluridae,Odonata
Neoephemeridae,Ephemeroptera
Acanthametropodidae,Ephemeroptera
Apachyidae,Dermaptera
Labiduridae,Dermaptera
Grylloblattidae,Grylloblattodea
Mantidae-1,Mantodea
Tetrigidae,Orthoptera
Cylindrachetidae,Orthoptera
Gryllidae-1,Orthoptera
Schizodactylidae,Orthoptera
Blasticotomidae,Hymenoptera
Aleyrodidae,Hemiptera
Thripidae,Thysanoptera
Aeolothripidae,Thysanoptera
Phlaeothripidae,Thysanoptera
Heterothripidae,Thysanoptera
Psocidae-2,Psocoptera
Platystictidae,Odonata
Synlestidae-1,Odonata
Perilestidae,Odonata
Oniscigastridae,Ephemeroptera
Coloburiscidae,Ephemeroptera
Pygidicranidae,Dermaptera
Anisolabididae,Dermaptera
Spongiphoridae,Dermaptera
Leuctridae,Plecoptera
Scopuridae,Plecoptera
Timematidae,Phasmatodea
Teratembiidae,Embioptera
Mantophasmatidae,Mantophasmatodea
Austrophasmatidae,Mantophasmatodea
Corydiidae-1,Blattodea
Tridactylidae,Orthoptera
Ripipterygidae,Orthoptera
Gryllotalpidae,Orthoptera
Gryllidae-2,Orthoptera
Tettigoniidae,Orthoptera
Pamphiliidae,Hymenoptera
Megalodontesidae,Hymenoptera
Mengenillidae,Strepsiptera
Raphidiidae,Raphidioptera
Inocelliidae,Raphidioptera
Deuterophlebiidae,Diptera
Micropterigidae,Lepidoptera
Glossosomatidae,Trichoptera
Triozidae,Hemiptera
Peloridiidae,Hemiptera
Polythoridae,Odonata
Lestidae,Odonata
Hemiphlebiidae,Odonata
Calopterygidae,Odonata
Argiolestidae,Odonata
Gomphidae-5,Odonata
Rallidentidae,Ephemeroptera
Forficulidae,Dermaptera
Chelisochidae,Dermaptera
Capniidae,Plecoptera
Taeniopterygidae,Plecoptera
Oligotomidae,Embioptera
Nocticolidae,Blattodea
Corydiidae-2,Blattodea
Ectobiidae-1,Blattodea
Haaniidae-2,Mantodea
Acrididae-3,Orthoptera
Thericleidae,Orthoptera
Prophalangopsidae,Orthoptera
Xiphydriidae,Hymenoptera
Cephidae,Hymenoptera
Pergidae,Hymenoptera
Argidae,Hymenoptera
Xenidae,Strepsiptera
Stylopidae,Strepsiptera
Sialidae,Megaloptera
Corydalidae,Megaloptera
Coniopterygidae,Neuroptera
Boreidae,Mecoptera
Agathiphagidae,Lepidoptera
Myerslopiidae,Hemiptera
Prionoglarididae,Psocoptera
Neopetaliidae,Odonata
Epiophlebiidae,Odonata
Ameletidae,Ephemeroptera
Ametropodidae,Ephemeroptera
Nesameletidae,Ephemeroptera
Aschiphasmatidae,Phasmatodea
Ectobiidae-2,Blattodea
Blaberidae,Blattodea
Lamproblattidae,Blattodea
Anaplectidae,Blattodea
Nanomantidae-7,Mantodea
Haaniidae-1,Mantodea
Thespidae-4,Mantodea
Acrididae-1,Orthoptera
Acrididae-2,Orthoptera
Rhaphidophoridae,Orthoptera
Orussidae,Hymenoptera
Siricidae,Hymenoptera
Anaxyelidae,Hymenoptera
Athaliidae,Hymenoptera
Tenthredinidae,Hymenoptera
Cimbicidae-1,Hymenoptera
Gyrinidae,Coleoptera
Derodontidae,Coleoptera
Scirtidae,Coleoptera
Decliniidae,Coleoptera
Pulicidae,Siphonaptera
Rhopalopsyllidae,Siphonaptera
Ctenophthalmidae,Siphonaptera
Nannochoristidae,Mecoptera
Ptychopteridae,Diptera
Trichoceridae,Diptera
Heterobathmiidae,Lepidoptera
Hydropsychidae,Trichoptera
Delphacidae,Hemiptera
Cixiidae,Hemiptera
Kinnaridae,Hemiptera
Liposcelididae,Psocoptera
Pachytroctidae,Psocoptera
Euphaeidae,Odonata
Megapodagrionidae,Odonata
Cordulegastridae,Odonata
Chlorogomphidae,Odonata
Gomphidae-3,Odonata
Aeshnidae-1,Odonata
Oligoneuriidae,Ephemeroptera
Caenidae,Ephemeroptera
Heptageniidae,Ephemeroptera
Eustheniidae,Plecoptera
Diamphipnoidae,Plecoptera
Gripopterygidae,Plecoptera
Austroperlidae,Plecoptera
Peltoperlidae,Plecoptera
Pteronarcyidae,Plecoptera
Styloperlidae,Plecoptera
Phylliidae,Phasmatodea
Notoligotomidae,Embioptera
Australembiidae,Embioptera
Cryptocercidae,Blattodea
Tryonicidae,Blattodea
Blattidae,Blattodea
Mantidae-18,Mantodea
Thespidae-3,Mantodea
Mantidae-19,Mantodea
Hymenopodidae-13,Mantodea
Pneumoridae-2,Orthoptera
Euschmidtiidae,Orthoptera
Stenopelmatidae,Orthoptera
Stephanidae,Hymenoptera
Diprionidae,Hymenoptera
Cimbicidae-2,Hymenoptera
Haliplidae,Coleoptera
Hydroscaphidae-2,Coleoptera
Sphaeriusidae,Coleoptera
Dilaridae,Neuroptera
Osmylidae,Neuroptera
Meropeidae,Mecoptera
Pediciidae,Diptera
Limoniidae,Diptera
Hydrobiosidae,Trichoptera
Hydroptilidae,Trichoptera
Rhyacophilidae,Trichoptera
Philopotamidae,Trichoptera
Pseudococcidae-1,Hemiptera
Phylloxeridae,Hemiptera
Adelgidae,Hemiptera
Aphididae-5,Hemiptera
Cicadellidae,Hemiptera
Cicadidae,Hemiptera
Caliscelidae,Hemiptera
Enicocephalidae,Hemiptera
Helotrephidae,Hemiptera
Microphysidae,Hemiptera
Ricinidae,Phthiraptera
Trogiidae,Psocoptera
Psyllipsocidae,Psocoptera
Sphaeropsocidae,Psocoptera
Amphyipterygidae,Odonata
Pseudolestidae,Odonata
Macromiidae-1,Odonata
Corduliidae-4,Odonata
Gomphidae-4,Odonata
Libellulidae-5,Odonata
Aeshnidae-2,Odonata
Austropetaliidae,Odonata
Leptophlebiidae,Ephemeroptera
Pseudironidae,Ephemeroptera
Arthropleidae,Ephemeroptera
Perlidae,Plecoptera
Agathemeridae,Phasmatodea
Heteronemiidae,Phasmatodea
Heteropterygidae,Phasmatodea
Lonchodidae-1,Phasmatodea
Lonchodidae-3,Phasmatodea
Phasmatidae-24,Phasmatodea
Ptilocerembiidae,Embioptera
Clothodidae,Embioptera
Embiidae,Embioptera
Anisembiidae,Embioptera
Mastotermitidae,Blattodea
Eremiaphilidae-1,Mantodea
Nanomantidae-6,Mantodea
Eumastacidae,Orthoptera
Gryllacrididae,Orthoptera
Anostostomatidae,Orthoptera
Torridincolidae,Coleoptera
Cupedidae,Coleoptera
Eucinetidae,Coleoptera
Clambidae,Coleoptera
Rhinorhipidae,Coleoptera
Nevrorthidae,Neuroptera
Sisyridae,Neuroptera
Stivaliidae-1,Siphonaptera
Eriocraniidae,Lepidoptera
Stenopsychidae,Trichoptera
Pseudococcidae-2,Hemiptera
Margarodidae-1,Hemiptera
Ortheziidae,Hemiptera
Margarodidae-4,Hemiptera
Aetalionidae,Hemiptera
Membracidae,Hemiptera
Aphrophoridae-1,Hemiptera
Naucoridae,Hemiptera
Leptopodidae,Hemiptera
Saldidae,Hemiptera
Haematomyzidae,Phthiraptera
Lepidopsocidae,Psocoptera
Psoquillidae,Psocoptera
Platycnemididae,Odonata
Chlorocyphidae,Odonata
Diphlebiidae,Odonata
Corduliidae-1,Odonata
Corduliidae-5,Odonata
Siphlonuridae,Ephemeroptera
Ephemerellidae,Ephemeroptera
Baetidae,Ephemeroptera
Chloroperlidae,Plecoptera
Perlodidae,Plecoptera
Phasmatidae-23,Phasmatodea
Pseudophasmatidae-3,Phasmatodea
Lonchodidae-2,Phasmatodea
Diapheromeridae-10,Phasmatodea
Hymenopodidae-1,Mantodea
Pneumoridae-1,Orthoptera
Pyrgacrididae,Orthoptera
Chorotypidae,Orthoptera
Episactidae,Orthoptera
Noteridae,Coleoptera
Carabidae,Coleoptera
Trachypachidae,Coleoptera
Hydroscaphidae-1,Coleoptera
Lepiceridae,Coleoptera
Ommatidae,Coleoptera
Micromalthidae,Coleoptera
Ischnopsyllidae,Siphonaptera
Hystrichopsyllidae,Siphonaptera
Stephanocircidae,Siphonaptera
Macropsyllidae,Siphonaptera
Bittacidae,Mecoptera
Choristidae,Mecoptera
Apteropanorpidae,Mecoptera
Perissommatidae,Diptera
Blephariceridae,Diptera
Nymphomyiidae,Diptera
Axymyiidae,Diptera
Lophocoronidae,Lepidoptera
Neopseustidae,Lepidoptera
Acanthopteroctetidae,Lepidoptera
Anomalopsychidae-2,Trichoptera
Brachycentridae,Trichoptera
Aphididae-1,Hemiptera
Anoeciidae,Hemiptera
Tettigometridae,Hemiptera
Acanaloniidae,Hemiptera
Dipsocoridae,Hemiptera
Aphelocheiridae,Hemiptera
Notonectidae,Hemiptera
Gelastocoridae-2,Hemiptera
Corixidae,Hemiptera
Joppeicidae,Hemiptera
Berytidae-2,Hemiptera
Philopteridae-2,Phthiraptera
Trichodectidae-4,Phthiraptera
Polyplacidae-1,Phthiraptera
Boopidae,Phthiraptera
Laemobothriidae,Phthiraptera
Menoponidae,Phthiraptera
Libellulidae-4,Odonata
Corduliidae-6,Odonata
Baetiscidae,Ephemeroptera
Polymitarcyidae,Ephemeroptera
Leptohyphidae,Ephemeroptera
Phasmatidae-19,Phasmatodea
Diapheromeridae-6,Phasmatodea
Phasmatidae-22,Phasmatodea
Kalotermitidae,Blattodea
Termopsidae-1,Blattodea
Hymenopodidae-12,Mantodea
Amorphoscelidae-5,Mantodea
Nanomantidae-4,Mantodea
Liturgusidae-3,Mantodea
Nanomantidae-5,Mantodea
Trigonopterygidae,Orthoptera
Xyronotidae,Orthoptera
Ommexechidae,Orthoptera
Trigonalidae,Hymenoptera
Gasteruptiidae,Hymenoptera
Scelionidae-2,Hymenoptera
Hygrobiidae,Coleoptera
Scarabaeidae-1,Coleoptera
Ithonidae,Neuroptera
Psychopsidae,Neuroptera
Mantispidae-1,Neuroptera
Mantispidae-3,Neuroptera
Berothidae-2,Neuroptera
Leptopsyllidae,Siphonaptera
Ceratophyllidae,Siphonaptera
Coptopsyllidae,Siphonaptera
Panorpodidae,Mecoptera
Panorpidae,Mecoptera
Psychodidae,Diptera
Tanyderidae,Diptera
Simuliidae,Diptera
Thaumaleidae,Diptera
Mnesarchaeidae,Lepidoptera
Opostegidae,Lepidoptera
Nepticulidae,Lepidoptera
Polycentropodidae-2,Trichoptera
Polycentropodidae-3,Trichoptera
Margarodidae-2,Hemiptera
Kuwaniidae,Hemiptera
Margarodidae-3,Hemiptera
Aphididae-2,Hemiptera
Mindaridae,Hemiptera
Thelaxidae,Hemiptera
Aphrophoridae-2,Hemiptera
Machaerotidae,Hemiptera
Achilixiidae,Hemiptera
Issidae,Hemiptera
Hydrometridae,Hemiptera
Ceratocombidae,Hemiptera
Schizopteridae,Hemiptera
Gelastocoridae-1,Hemiptera
Ochteridae,Hemiptera
Nepidae,Hemiptera
Belostomatidae,Hemiptera
Miridae-1,Hemiptera
Philopteridae-3,Phthiraptera
Trichodectidae-3,Phthiraptera
Gyropidae,Phthiraptera
Trimenoponidae,Phthiraptera
Dicteriadidae,Odonata
Pseudostigmatidae,Odonata
Coenagrionidae,Odonata
Protoneuridae,Odonata
Libellulidae-3,Odonata
Corduliidae-7,Odonata
Synthemistidae,Odonata
Ephemeridae,Ephemeroptera
Teloganodidae,Ephemeroptera
Tricorythidae,Ephemeroptera
Phasmatidae-1,Phasmatodea
Pseudophasmatidae-1,Phasmatodea
Phasmatidae-21,Phasmatodea
Diapheromeridae-7,Phasmatodea
Bacillidae-1,Phasmatodea
Diapheromeridae-8,Phasmatodea
Rhinotermitidae-5,Blattodea
Termopsidae-2,Blattodea
Hymenopodidae-11,Mantodea
Acrididae-4,Orthoptera
Aulacidae,Hymenoptera
Evaniidae,Hymenoptera
Heloridae,Hymenoptera
Braconidae,Hymenoptera
Dytiscidae,Coleoptera
Chrysopidae,Neuroptera
Hemerobiidae,Neuroptera
Nymphidae,Neuroptera
Mantispidae-2,Neuroptera
Berothidae-1,Neuroptera
Lycopsyllidae,Siphonaptera
Anisopodidae,Diptera
Chironomidae,Diptera
Ceratopogonidae,Diptera
Dixidae,Diptera
Hepialidae,Lepidoptera
Prototheoridae,Lepidoptera
Andesianidae,Lepidoptera
Leptoceridae,Trichoptera
Lepidostomatidae,Trichoptera
Phryganopsychidae,Trichoptera
Xiphocentronidae,Trichoptera
Psychomyiidae-2,Trichoptera
Ecnomidae,Trichoptera
Kermesidae,Hemiptera
Aclerdidae,Hemiptera
Coccidae,Hemiptera
Dactylopiidae,Hemiptera
Eriococcidae-3,Hemiptera
Coelostomidiidae,Hemiptera
Monophlebidae,Hemiptera
Aphididae-3,Hemiptera
Cercopidae-5,Hemiptera
Derbidae,Hemiptera
Nogodinidae-1,Hemiptera
Veliidae,Hemiptera
Gerridae,Hemiptera
Macroveliidae,Hemiptera
Hermatobatidae,Hemiptera
Mesoveliidae,Hemiptera
Miridae-2,Hemiptera
Lygaeidae-1,Hemiptera
Rhyparochromidae,Hemiptera
Cymidae,Hemiptera
Philopteridae-4,Phthiraptera
Trichodectidae-1,Phthiraptera
Polyplacidae-2,Phthiraptera
Libellulidae-2,Odonata
Metretopodidae,Ephemeroptera
Siphlaenigmatidae,Ephemeroptera
Ameletopsidae,Ephemeroptera
Phasmatidae-2,Phasmatodea
Pseudophasmatidae-2,Phasmatodea
Phasmatidae-18,Phasmatodea
Damasippoididae,Phasmatodea
Diapheromeridae-9,Phasmatodea
Bacillidae-2,Phasmatodea
Termopsidae-3,Blattodea
Hodotermitidae,Blattodea
Hymenopodidae-10,Mantodea
Acrididae-5,Orthoptera
Dryinidae,Hymenoptera
Mymarommatidae,Hymenoptera
Maamingidae,Hymenoptera
Ichneumonidae,Hymenoptera
Amphizoidae,Coleoptera
Aspidytidae,Coleoptera
Jacobsoniidae,Coleoptera
Trogidae,Coleoptera
Nemopteridae,Neuroptera
Stivaliidae-2,Siphonaptera
Pygiopsyllidae,Siphonaptera
Nemestrinidae,Diptera
Chaoboridae-1,Diptera
Palaephatidae-1,Lepidoptera
Palaephatidae-2,Lepidoptera
Tischeriidae,Lepidoptera
Limnocentropodidae,Trichoptera
Chathamiidae,Trichoptera
Atriplectididae,Trichoptera
Phryganeidae,Trichoptera
Psychomyiidae-1,Trichoptera
Lecanodiaspididae,Hemiptera
Asterolecaniidae,Hemiptera
Eriococcidae-1,Hemiptera
Beesoniidae,Hemiptera
Eriococcidae-2,Hemiptera
Aphrophoridae-3,Hemiptera
Clastopteridae,Hemiptera
Epipygidae,Hemiptera
Aphrophoridae-5,Hemiptera
Cercopidae-6,Hemiptera
Lophopidae-2,Hemiptera
Paraphrynoveliidae,Hemiptera
Hebridae,Hemiptera
Anthocoridae-1,Hemiptera
Aradidae,Hemiptera
Trichodectidae-2,Phthiraptera
Bovicoliidae,Phthiraptera
Enderleinellidae,Phthiraptera
Echinophthiriidae,Phthiraptera
Libellulidae-1,Odonata
Dipteromimidae,Ephemeroptera
Isonychiidae,Ephemeroptera
Palingeniidae,Ephemeroptera
Behningiidae,Ephemeroptera
Ichthybotidae,Ephemeroptera
Euthyplociidae,Ephemeroptera
Phasmatidae-20,Phasmatodea
Anisacanthidae,Phasmatodea
Rhinotermitidae-1,Blattodea
Rhinotermitidae-4,Blattodea
Termitidae,Blattodea
Hymenopodidae-9,Mantodea
Acrididae-6,Orthoptera
Formicidae,Hymenoptera
Crabronidae-1,Hymenoptera
Chrysididae,Hymenoptera
Monomachidae,Hymenoptera
Diapriidae,Hymenoptera
Pteromalidae-6,Hymenoptera
Megaspilidae,Hymenoptera
Ceraphronidae,Hymenoptera
Dermestidae,Coleoptera
Synchroidae,Coleoptera
Buprestidae,Coleoptera
Nosodendridae,Coleoptera
Diphyllostomatidae,Coleoptera
Geotrupidae-1,Coleoptera
Myrmeleontidae,Neuroptera
Ascalaphidae,Lepidoptera
Pantophthalmidae,Diptera
Synneuridae,Diptera
Scatopsidae,Diptera
Chaoboridae-2,Diptera
Culicidae,Diptera
Incurvariidae,Lepidoptera
Cecidosidae,Lepidoptera
Prodoxidae,Lepidoptera
Arrhenophanidae,Lepidoptera
Molannidae,Trichoptera
Odontoceridae,Trichoptera
Calamoceratidae,Trichoptera
Philorheithridae,Trichoptera
Uenoidae,Trichoptera
Kokiriidae,Trichoptera
Pisuliidae,Trichoptera
Oeconesidae,Trichoptera
Plectrotarsidae,Trichoptera
Dipseudopsidae,Trichoptera
Polycentropodidae-1,Trichoptera
Phoenicococcidae,Hemiptera
Diaspididae,Hemiptera
Pemphigidae-1,Hemiptera
Pemphigidae-3,Hemiptera
Hormaphididae,Hemiptera
Cercopidae-1,Hemiptera
Flatidae,Hemiptera
Ricaniidae,Hemiptera
Eurybrachidae,Hemiptera
Lophopidae-1,Hemiptera
Anthocoridae-5,Hemiptera
Philopteridae-8,Phthiraptera
Philopteridae-9,Phthiraptera
Polyplacidae-3,Phthiraptera
Polyplacidae-5,Phthiraptera
Hoplopleuridae-4,Phthiraptera
Polyplacidae-6,Phthiraptera
Haematopinidae,Phthiraptera
Polyplacidae-7,Phthiraptera
Corduliidae-2,Odonata
Phasmatidae-3,Phasmatodea
Phasmatidae-10,Phasmatodea
Rhinotermitidae-2,Blattodea
Liturgusidae-1,Mantodea
Bradynobaenidae,Hymenoptera
Ampulicidae,Hymenoptera
Bethylidae,Hymenoptera
Plumariidae,Hymenoptera
Perilampidae-1,Hymenoptera
Pteromalidae-3,Hymenoptera
Staphylinidae-6,Coleoptera
Bostrichidae,Coleoptera
Limnichidae-2,Coleoptera
Dryopidae,Coleoptera
Lutrochidae,Coleoptera
Byrrhidae,Coleoptera
Artematopodidae,Coleoptera
Lampyridae-2,Coleoptera
Hybosoridae,Coleoptera
Scarabaeidae-10,Coleoptera
Pleocomidae,Coleoptera
Lucanidae,Coleoptera
Bombyliidae-4,Diptera
Acroceridae,Diptera
Hilarimorphidae,Diptera
Austroleptidae,Diptera
Xylophagidae,Diptera
Stratiomyidae,Diptera
Xylomyidae,Diptera
Cecidomyiidae,Diptera
Mycetophilidae-2,Diptera
Crinopterygidae,Lepidoptera
Lypusidae,Lepidoptera
Helicopsychidae,Trichoptera
Conoesucidae,Trichoptera
Apataniidae,Trichoptera
Aphididae-4,Hemiptera
Pemphigidae-2,Hemiptera
Cercopidae-4,Hemiptera
Achilidae,Hemiptera
Fulgoridae,Hemiptera
Dictyopharidae,Hemiptera
Anthocoridae-2,Hemiptera
Blissidae,Hemiptera
Philopteridae-5,Phthiraptera
Philopteridae-10,Phthiraptera
Linognathidae,Phthiraptera
Pedicinidae,Phthiraptera
Macromiidae-2,Odonata
Phasmatidae-4,Phasmatodea
Phasmatidae-17,Phasmatodea
Serritermitidae,Blattodea
Rhinotermitidae-3,Blattodea
Chaeteessidae,Mantodea
Pyrgomorphidae,Orthoptera
Acrididae-22,Orthoptera
Sphecidae,Hymenoptera
Roproniidae,Hymenoptera
Pelecinidae,Hymenoptera
Proctotrupidae,Hymenoptera
Vanhorniidae,Hymenoptera
Megalyridae,Hymenoptera
Ibaliidae,Hymenoptera
Torymidae,Hymenoptera
Eulophidae,Hymenoptera
Spercheidae,Coleoptera
Synteliidae,Coleoptera
Ptinidae,Coleoptera
Anobiidae,Coleoptera
Rentoniidae,Coleoptera
Limnichidae-1,Coleoptera
Heteroceridae,Coleoptera
Psephenidae,Coleoptera
Eulichadidae,Coleoptera
Dascillidae,Coleoptera
Rhipiceridae,Coleoptera
Omethidae,Coleoptera
Telegeusidae,Coleoptera
Scarabaeidae-2,Coleoptera
Glaresidae,Coleoptera
Geotrupidae-2,Coleoptera
Bolboceratidae-1,Coleoptera
Bolboceratidae-2,Coleoptera
Passalidae,Coleoptera
Pelecorhynchidae,Diptera
Vermileonidae,Diptera
Rhagionidae,Diptera
Keroplatidae,Diptera
Pachyneuridae,Diptera
Adelidae,Lepidoptera
Heliozelidae,Lepidoptera
Tasimiidae,Trichoptera
Goeridae,Trichoptera
Limnephilidae,Trichoptera
Cercopidae-2,Hemiptera
Nogodinidae-2,Hemiptera
Anthocoridae-4,Hemiptera
Acanthosomatidae-2,Hemiptera
Phloeidae,Hemiptera
Philopteridae-7,Phthiraptera
Philopteridae-13,Phthiraptera
Hoplopleuridae-1,Phthiraptera
Pediculidae,Phthiraptera
Pthiridae,Phthiraptera
Macromiidae-3,Odonata
Phasmatidae-5,Phasmatodea
Phasmatidae-11,Phasmatodea
Mantoididae,Mantodea
Acrididae-21,Orthoptera
Proscopiidae,Orthoptera
Vespidae,Hymenoptera
Rhopalosomatidae,Hymenoptera
Scoliidae,Hymenoptera
Crabronidae-2,Hymenoptera
Scelionidae-1,Hymenoptera
Platygastridae,Hymenoptera
Liopteridae,Hymenoptera
Trichogrammatidae,Hymenoptera
Tetracampidae,Hymenoptera
Rotoitidae,Hymenoptera
Tanaostigmatidae,Hymenoptera
Ormyridae,Hymenoptera
Perilampidae-3,Hymenoptera
Aphelinidae,Hymenoptera
Pteromalidae-4,Hymenoptera
Hydrophilidae,Coleoptera
Ptiliidae,Coleoptera
Hydraenidae,Coleoptera
Sphaeritidae,Coleoptera
Histeridae,Coleoptera
Elmidae,Coleoptera
Chelonariidae,Coleoptera
Ptilodactylidae,Coleoptera
Callirhipidae,Coleoptera
Throscidae,Coleoptera
Glaphyridae-1,Coleoptera
Scarabaeidae-4,Coleoptera
Tabanidae,Diptera
Athericidae,Diptera
Diadocidiidae,Diptera
Bibionidae,Diptera
Hesperinidae,Diptera
Depressariidae-1,Lepidoptera
Petrothrincidae,Trichoptera
Sericostomatidae,Trichoptera
Helicophidae-2,Trichoptera
Barbarochthonidae,Trichoptera
Cercopidae-3,Hemiptera
Aphrophoridae-4,Hemiptera
Meenoplidae,Hemiptera
Tropiduchidae,Hemiptera
Acanthosomatidae-1,Hemiptera
Thaumastellidae,Hemiptera
Philopteridae-12,Phthiraptera
Hoplopleuridae-3,Phthiraptera
Macromiidae-4,Odonata
Phasmatidae-9,Phasmatodea
Phasmatidae-16,Phasmatodea
Acrididae-7,Orthoptera
Pamphagidae,Orthoptera
Charilaidae,Orthoptera
Crabronidae-3,Hymenoptera
Cynipidae-2,Hymenoptera
Eupelmidae,Hymenoptera
Encyrtidae,Hymenoptera
Perilampidae-2,Hymenoptera
Leucospidae,Hymenoptera
Pteromalidae-5,Hymenoptera
Epimetopidae,Coleoptera
Staphylinidae-1,Coleoptera
Agyrtidae,Coleoptera
Leiodidae,Coleoptera
Endomychidae-6,Coleoptera
Bothrideridae-1,Coleoptera
Sphindidae,Coleoptera
Phloiophilidae,Coleoptera
Elateridae-5,Coleoptera
Cantharidae,Coleoptera
Anischiidae,Coleoptera
Eucnemidae,Coleoptera
Ochodaeidae,Coleoptera
Scarabaeidae-3,Coleoptera
Scarabaeidae-5,Coleoptera
Bombyliidae-1,Diptera
Asilidae,Diptera
Mythicomyiidae-2,Diptera
Mycetophilidae-1,Diptera
Momphidae,Lepidoptera
Anomoeotidae,Lepidoptera
Cossidae-5,Lepidoptera
Calocidae,Trichoptera
Helicophidae-1,Trichoptera
Hydrosalpingidae,Trichoptera
Reduviidae-1,Hemiptera
Alydidae,Hemiptera
Berytidae-1,Hemiptera
Coreidae,Hemiptera
Piesmatidae,Hemiptera
Stenocephalidae,Hemiptera
Canopidae,Hemiptera
Urostylididae,Hemiptera
Archipsocidae,Psocoptera
Electrentomidae,Psocoptera
Philopteridae-11,Phthiraptera
Heptapsogasteridae,Phthiraptera
Polyplacidae-4,Phthiraptera
Hoplopleuridae-2,Phthiraptera
Macromiidae-5,Odonata
Phasmatidae-8,Phasmatodea
Metallyticidae,Mantodea
Thespidae-2,Mantodea
Acrididae-8,Orthoptera
Pompilidae,Hymenoptera
Cynipidae-1,Hymenoptera
Figitidae,Hymenoptera
Chalcididae,Hymenoptera
Eurytomidae,Hymenoptera
Mymaridae,Hymenoptera
Pteromalidae-2,Hymenoptera
Eucharitidae,Hymenoptera
Hydrochidae,Coleoptera
Staphylinidae-5,Coleoptera
Lymexylidae-3,Coleoptera
Lophocateridae,Coleoptera
Trogossitidae-2,Coleoptera
Biphyllidae,Coleoptera
Byturidae,Coleoptera
Lampyridae-1,Coleoptera
Omalisidae,Coleoptera
Scarabaeidae-9,Coleoptera
Scenopinidae,Diptera
Therevidae,Diptera
Apsilocephalidae,Diptera
Evocoidae,Diptera
Mydidae-2,Diptera
Bombyliidae-3,Diptera
Sciaridae,Diptera
Pleciidae,Diptera
Carposinidae,Lepidoptera
Copromorphidae,Lepidoptera
Somabrachyidae,Lepidoptera
Himantopteridae,Lepidoptera
Blastobasidae,Lepidoptera
Anomalopsychidae-1,Trichoptera
Beraeidae,Trichoptera
Miridae-6,Hemiptera
Miridae-7,Hemiptera
Reduviidae-2,Hemiptera
Rhopalidae,Hemiptera
Geocoridae,Hemiptera
Pachygronthidae,Hemiptera
Lestoniidae,Hemiptera
Cydnidae,Hemiptera
Compsocidae,Psocoptera
Macromiidae-8,Odonata
Phasmatidae-6,Phasmatodea
Phasmatidae-12,Phasmatodea
Diapheromeridae-5,Phasmatodea
Acanthopidae-1,Mantodea
Mantidae-16,Mantodea
Acrididae-9,Orthoptera
Tiphiidae-1,Hymenoptera
Sierolomorphidae,Hymenoptera
Chyphotidae,Hymenoptera
Sapygidae,Hymenoptera
Mutillidae,Hymenoptera
Melittidae,Hymenoptera
Megachilidae,Hymenoptera
Apidae,Hymenoptera
Megastigmidae,Hymenoptera
Georissidae,Coleoptera
Helophoridae,Coleoptera
Staphylinidae-2,Coleoptera
Alexiidae,Coleoptera
Bothrideridae-4,Coleoptera
Cerylonidae-5,Coleoptera
Chrysomelidae-1,Coleoptera
Nemonychidae-1,Coleoptera
Hobartiidae,Coleoptera
Lymexylidae-1,Coleoptera
Acanthocnemidae,Coleoptera
Lycidae,Coleoptera
Elateridae-1,Coleoptera
Elateridae-4,Coleoptera
Scarabaeidae-6,Coleoptera
Atelestidae,Diptera
Mydidae-1,Diptera
Apioceridae,Diptera
Bombyliidae-2,Diptera
Mythicomyiidae-1,Diptera
Miridae-3,Hemiptera
Nabidae,Hemiptera
Velocipedidae,Hemiptera
Reduviidae-3,Hemiptera
Phymatidae,Hemiptera
Idiostolidae,Hemiptera
Hyocephalidae,Hemiptera
Malcidae,Hemiptera
Pyrrhocoridae,Hemiptera
Largidae,Hemiptera
Acanthosomatidae-3,Hemiptera
Scutelleridae,Hemiptera
Epipsocidae,Psocoptera
Musapsocidae,Psocoptera
Macromiidae-7,Odonata
Phasmatidae-7,Phasmatodea
Diapheromeridae-1,Phasmatodea
Phasmatidae-14,Phasmatodea
Diapheromeridae-4,Phasmatodea
Mantidae-2,Mantodea
Liturgusidae-2,Mantodea
Acrididae-10,Orthoptera
Thynnidae-2,Hymenoptera
Andrenidae,Hymenoptera
Agaonidae,Hymenoptera
Pteromalidae-1,Hymenoptera
Staphylinidae-3,Coleoptera
Endomychidae-1,Coleoptera
Latridiidae,Coleoptera
Endomychidae-4,Coleoptera
Endomychidae-5,Coleoptera
Coccinellidae,Coleoptera
Cerylonidae-3,Coleoptera
Bothrideridae-3,Coleoptera
Cerylonidae-4,Coleoptera
Cerambycidae-6,Coleoptera
Monotomidae,Coleoptera
Peltidae,Coleoptera
Thanerocleridae,Coleoptera
Cleridae,Coleoptera
Thymalidae,Coleoptera
Trogossitidae-1,Coleoptera
Elateridae-2,Coleoptera
Scarabaeidae-7,Coleoptera
Empididae,Diptera
Syrphidae,Diptera
Lonchopteridae,Diptera
Meessiidae,Lepidoptera
Pterolonchidae,Lepidoptera
Termitaphididae,Hemiptera
Pentatomidae,Hemiptera
Plataspidae,Hemiptera
Dinidoridae,Hemiptera
Tessaratomidae,Hemiptera
Psocidae-1,Psocoptera
Myopsocidae,Psocoptera
Hemipsocidae,Psocoptera
Psilopsocidae,Psocoptera
Troctopsocidae,Psocoptera
Amphientomidae,Psocoptera
Macromiidae-6,Odonata
Corduliidae-3,Odonata
Phasmatidae-13,Phasmatodea
Diapheromeridae-2,Phasmatodea
Phasmatidae-15,Phasmatodea
Diapheromeridae-3,Phasmatodea
Mantidae-3,Mantodea
Mantidae-17,Mantodea
Acanthopidae-2,Mantodea
Acrididae-11,Orthoptera
Tiphiidae-3,Hymenoptera
Halictidae,Hymenoptera
Staphylinidae-4,Coleoptera
Silphidae,Coleoptera
Endomychidae-3,Coleoptera
Cerylonidae-2,Coleoptera
Cerambycidae-1,Coleoptera
Belidae,Coleoptera
Nemonychidae-2,Coleoptera
Anthribidae,Coleoptera
Protocucujidae,Coleoptera
Helotidae,Coleoptera
Erotylidae,Coleoptera
Boganiidae,Coleoptera
Nitidulidae,Coleoptera
Kateretidae,Coleoptera
Cucujidae,Coleoptera
Phloeostichidae,Coleoptera
Silvanidae,Coleoptera
Ripiphoridae-1,Coleoptera
Rhadalidae,Coleoptera
Phengodidae,Coleoptera
Scarabaeidae-8,Coleoptera
Glaphyridae-2,Coleoptera
Hybotidae,Diptera
Dolichopodidae,Diptera
Pipunculidae,Diptera
Platypezidae,Diptera
Psychidae,Lepidoptera
Xyloryctidae,Lepidoptera
Stathmopodidae,Lepidoptera
Thaumastocoridae,Hemiptera
Tingidae,Hemiptera
Miridae-5,Hemiptera
Lygaeidae-2,Hemiptera
Colobathristidae,Hemiptera
Philopteridae-6,Phthiraptera
Thynnidae-1,Hymenoptera
Tiphiidae-2,Hymenoptera
Stenotritidae,Hymenoptera
Colletidae,Hymenoptera
Endomychidae-2,Coleoptera
Corylophidae,Coleoptera
Discolomatidae,Coleoptera
Cerambycidae-2,Coleoptera
Attelabidae,Coleoptera
Melandryidae-5,Coleoptera
Ripiphoridae-2,Coleoptera
Chaetosomatidae,Coleoptera
Rhagophthalmidae,Coleoptera
Elateridae-3,Coleoptera
Sciadoceridae,Diptera
Phoridae,Diptera
Plokiophilidae,Hemiptera
Ectopsocidae,Psocoptera
Gonypetidae,Mantodea
Acrididae-12,Orthoptera
Acrididae-20,Orthoptera
Lentulidae,Orthoptera
Cerylonidae-1,Coleoptera
Bothrideridae-2,Coleoptera
Chrysomelidae-3,Coleoptera
Caridae,Coleoptera
Myraboliidae,Coleoptera
Passandridae,Coleoptera
Cryptophagidae,Coleoptera
Prostomidae,Coleoptera
Ripiphoridae-4,Coleoptera
Melyridae,Coleoptera
Chyromyidae,Diptera
Eriocottidae,Lepidoptera
Lachesillidae,Psocoptera
Peripsocidae,Psocoptera
Asiopsocidae,Psocoptera
Mesopsocidae,Psocoptera
Elipsocidae,Psocoptera
Philotarsidae,Psocoptera
Trichopsocidae,Psocoptera
Pseudocaeciliidae,Psocoptera
Calopsocidae,Psocoptera
Thespidae-1,Mantodea
Eremiaphilidae-5,Mantodea
Chroicopteridae-3,Mantodea
Tristiridae,Orthoptera
Chrysomelidae-2,Coleoptera
Phalacridae,Coleoptera
Pythidae,Coleoptera
Salpingidae,Coleoptera
Ulodidae,Coleoptera
Tetratomidae-4,Coleoptera
Trictenotomidae,Coleoptera
Ripiphoridae-3,Coleoptera
Mauroniscidae,Coleoptera
Prionoceridae,Coleoptera
Coelopidae,Diptera
Sphaeroceridae,Diptera
Anthomyzidae,Diptera
Dryadaulidae,Lepidoptera
Anthocoridae-3,Hemiptera
Cimicidae,Hemiptera
Lyctocoridae,Hemiptera
Miridae-4,Hemiptera
Amphipsocidae,Psocoptera
Mantidae-13,Mantodea
Leptomantellidae,Mantodea
Acrididae-19,Orthoptera
Vesperidae,Coleoptera
Brentidae-5,Coleoptera
Brentidae-7,Coleoptera
Laemophloeidae,Coleoptera
Propalticidae,Coleoptera
Tenebrionidae,Coleoptera
Archeocrypticidae,Coleoptera
Lymexylidae-2,Coleoptera
Mordellidae,Coleoptera
Opomyzidae,Diptera
Choreutidae,Lepidoptera
Gracillariidae,Lepidoptera
Roeslerstammiidae,Lepidoptera
Tineidae,Lepidoptera
Acrolophidae,Lepidoptera
Caeciliusidae,Psocoptera
Hymenopodidae-2,Mantodea
Nanomantidae-3,Mantodea
Mantidae-14,Mantodea
Eremiaphilidae-2,Mantodea
Acrididae-18,Orthoptera
Cerambycidae-5,Coleoptera
Erirhinidae-2,Coleoptera
Brachyceridae-3,Coleoptera
Brentidae-6,Coleoptera
Cephaloidae,Coleoptera
Mycetophagidae,Coleoptera
Tetratomidae-3,Coleoptera
Melandryidae-6,Coleoptera
Boridae,Coleoptera
Oedemeridae,Coleoptera
Mycteridae,Coleoptera
Scraptiidae-1,Coleoptera
Melandryidae-7,Coleoptera
Scraptiidae-2,Coleoptera
Melandryidae-8,Coleoptera
Carnidae,Diptera
Odiniidae,Diptera
Helcomyzidae,Diptera
Lauxaniidae,Diptera
Dryomyzidae,Diptera
Tortricidae,Lepidoptera
Urodidae,Lepidoptera
Yponomeutidae,Lepidoptera
Dasydemellidae,Psocoptera
Stenopsocidae,Psocoptera
Hymenopodidae-3,Mantodea
Amorphoscelidae-3,Mantodea
Eremiaphilidae-3,Mantodea
Eremiaphilidae-4,Mantodea
Amelidae,Mantodea
Acrididae-13,Orthoptera
Meloidae,Coleoptera
Anthicidae,Coleoptera
Melandryidae-1,Coleoptera
Aderidae,Coleoptera
Melandryidae-2,Coleoptera
Ciidae,Coleoptera
Pyrochroidae,Coleoptera
Monommidae,Coleoptera
Aulacigastridae,Diptera
Asteiidae,Diptera
Australimyzidae,Diptera
Xenasteiidae,Diptera
Helosciomyzidae,Diptera
Immidae,Lepidoptera
Douglasiidae,Lepidoptera
Dudgeoneidae,Lepidoptera
Epipyropidae,Lepidoptera
Bucculatricidae,Lepidoptera
Lyonetiidae,Lepidoptera
Glyphipterigidae,Lepidoptera
Ypsolophidae,Lepidoptera
Hymenopodidae-4,Mantodea
Amorphoscelidae-2,Mantodea
Nanomantidae-2,Mantodea
Amorphoscelidae-4,Mantodea
Acrididae-14,Orthoptera
Cerambycidae-3,Coleoptera
Zeugophoridae,Coleoptera
Cerambycidae-4,Coleoptera
Orsodacnidae,Coleoptera
Brachyceridae-2,Coleoptera
Zopheridae-1,Coleoptera
Drosophilidae,Diptera
Ephydridae,Diptera
Marginidae,Diptera
Sciomyzidae,Diptera
Noctuidae-1,Lepidoptera
Cossidae-1,Lepidoptera
Attevidae,Lepidoptera
Argyresthiidae,Lepidoptera
Plutellidae,Lepidoptera
Bedelliidae,Lepidoptera
Mantidae-15,Mantodea
Toxoderidae,Mantodea
Acrididae-17,Orthoptera
Brachyceridae-1,Coleoptera
Brentidae-1,Coleoptera
Brentidae-3,Coleoptera
Zopheridae-3,Coleoptera
Melandryidae-4,Coleoptera
Tetratomidae-1,Coleoptera
Tetratomidae-2,Coleoptera
Perimylopidae,Coleoptera
Glossinidae,Diptera
Tephritidae-5,Diptera
Conopidae,Diptera
Heterocheilidae,Diptera
Oenosandridae,Lepidoptera
Depressariidae-3,Lepidoptera
Batrachedridae,Lepidoptera
Sesiidae,Lepidoptera
Brachodidae,Lepidoptera
Chroicopteridae-1,Mantodea
Mantidae-11,Mantodea
Acrididae-16,Orthoptera
Erirhinidae-1,Coleoptera
Curculionidae,Coleoptera
Ithyceridae,Coleoptera
Brentidae-2,Coleoptera
Brentidae-4,Coleoptera
Apionidae,Coleoptera
Melandryidae-3,Coleoptera
Zopheridae-2,Coleoptera
Streblidae,Diptera
Muscidae,Diptera
Fanniidae,Diptera
Acartophthalmidae,Diptera
Tephritidae-4,Diptera
Agromyzidae,Diptera
Somatiidae,Diptera
Depressariidae-2,Lepidoptera
Elachistidae-2,Lepidoptera
Coleophoridae,Lepidoptera
Aididae,Lepidoptera
Megalopygidae,Lepidoptera
Cossidae-2,Lepidoptera
Castniidae,Lepidoptera
Cossidae-4,Lepidoptera
Mantidae-4,Mantodea
Acrididae-15,Orthoptera
Romaleidae,Orthoptera
Hippoboscidae,Diptera
Nycteribiidae,Diptera
Scathophagidae,Diptera
Anthomyiidae,Diptera
Ulidiidae,Diptera
Piophilidae,Diptera
Tephritidae-3,Diptera
Sepsidae,Diptera
Diopsidae,Diptera
Chloropidae,Diptera
Tephritidae-6,Diptera
Papilionidae,Lepidoptera
Gelechiidae,Lepidoptera
Zygaenidae,Lepidoptera
Limacodidae,Lepidoptera
Dalceridae,Lepidoptera
Cossidae-3,Lepidoptera
Cyclotornidae,Lepidoptera
Nanomantidae-1,Mantodea
Chroicopteridae-2,Mantodea
Mantidae-12,Mantodea
Calliphoridae-1,Diptera
Milichiidae,Diptera
Richardiidae,Diptera
Pallopteridae-1,Diptera
Strongylophthalmyiidae,Diptera
Autostichidae,Lepidoptera
Lacturidae,Lepidoptera
Heterogynidae,Lepidoptera
Hymenopodidae-5,Mantodea
Empusidae,Mantodea
Mantidae-5,Mantodea
Hymenopodidae-7,Mantodea
Sarcophagidae,Diptera
Tachinidae-1,Diptera
Tachinidae-2,Diptera
Calliphoridae-2,Diptera
Rhinophoridae,Diptera
Oestridae,Diptera
Pallopteridae-2,Diptera
Lonchaeidae,Diptera
Tephritidae-2,Diptera
Braulidae,Diptera
Platystomatidae,Diptera
Tanypezidae,Diptera
Clusiidae,Diptera
Neurochaetidae,Diptera
Fergusoninidae,Diptera
Periscelididae,Diptera
Mimallonidae,Lepidoptera
Hyblaeidae,Lepidoptera
Alucitidae,Lepidoptera
Pterophoridae,Lepidoptera
Callidulidae,Lepidoptera
Pieridae,Lepidoptera
Hedylidae,Lepidoptera
Hesperiidae-2,Lepidoptera
Oecophoridae,Lepidoptera
Mantidae-10,Mantodea
Hymenopodidae-8,Mantodea
Amorphoscelidae-1,Mantodea
Tephritidae-1,Diptera
Micropezidae,Diptera
Psilidae,Diptera
Crambidae,Lepidoptera
Pyralidae,Lepidoptera
Thyrididae,Lepidoptera
Tineodidae,Lepidoptera
Cosmopterigidae,Lepidoptera
Elachistidae-1,Lepidoptera
Mantidae-6,Mantodea
Pyrgotidae,Diptera
Ctenostylidae,Diptera
Cimeliidae,Lepidoptera
Nymphalidae-1,Lepidoptera
Riodinidae,Lepidoptera
Lycaenidae,Lepidoptera
Mantidae-9,Mantodea
Notodontidae,Lepidoptera
Drepanidae,Lepidoptera
Doidae,Lepidoptera
Nymphalidae-2,Lepidoptera
Hesperiidae-1,Lepidoptera
Mantidae-7,Mantodea
Lasiocampidae,Lepidoptera
Mantidae-8,Mantodea
Hymenopodidae-6,Mantodea
Erebidae-1,Lepidoptera
Erebidae-3,Lepidoptera
Geometridae,Lepidoptera
Uraniidae,Lepidoptera
Epicopeiidae,Lepidoptera
Sematuridae,Lepidoptera
Noctuidae-10,Lepidoptera
Apatelodidae,Lepidoptera
Noctuidae-2,Lepidoptera
Nolidae,Lepidoptera
Euteliidae,Lepidoptera
Noctuidae-6,Lepidoptera
Phiditiidae,Lepidoptera
Eupterotidae,Lepidoptera
Noctuidae-5,Lepidoptera
Noctuidae-7,Lepidoptera
Sphingidae,Lepidoptera
Saturniidae,Lepidoptera
Bombycidae-1,Lepidoptera
Endromidae,Lepidoptera
Bombycidae-2,Lepidoptera
Lemoniidae,Lepidoptera
Brahmaeidae,Lepidoptera
Noctuidae-3,Lepidoptera
Noctuidae-8,Lepidoptera
Anthelidae,Lepidoptera
Carthaeidae,Lepidoptera
Noctuidae-4,Lepidoptera
Erebidae-2,Lepidoptera
Erebidae-5,Lepidoptera
Erebidae-4,Lepidoptera
Noctuidae-9,Lepidoptera
Ascalaphidae,Lepidoptera
Pemphigidae,Hemiptera
Anobiidae,Coleoptera
Xylophagidae,Diptera
Xylophagaidae,Diptera
